-0.36278,-0.093716,-0.11687,0.39906,0.74053,-1.2211,-0.80054,-0.3562,-0.19831,0.16545
0.042764,0.12798,0.62229,-0.1648,0.052319,-0.49262,-0.68332,-0.76568,-0.54463,-0.28522
0.65728,0.21321,0.54707,0.54444,0.28292,-0.17017,-0.073239,-0.13035,-0.36211,-0.21573
0.44232,0.3889,0.48536,0.70088,0.36162,-0.22372,-0.059209,-0.020981,-4.4332e-05,-0.12781
0.22319,-0.37524,0.35896,0.58529,0.32001,-0.83264,-1.0023,-0.11809,-0.030469,-0.24369
-0.29251,-0.23001,-0.54299,-0.091278,-0.26029,0.088193,-0.17935,-0.10538,-0.37867,-0.30399
0.25145,0.83107,0.84689,0.88307,0.5155,-0.45941,-0.16011,-0.46217,-0.28931,-0.41236
-0.24705,-0.50789,-0.46075,0.40332,0.49733,-1.2183,-0.92866,-0.59896,-0.020221,-0.18108
0.51078,0.33298,0.31007,0.25622,0.72444,-0.079906,-0.11321,0.10289,-0.3308,-0.13511
-0.47893,-0.32175,-0.15823,0.19045,0.053462,-0.92492,-0.51922,-0.13801,0.32269,-0.13581
0.50769,0.22647,0.10075,0.1874,0.21732,-0.21496,-0.20466,-0.10204,-0.49273,-0.12453
-0.42566,-0.27441,-0.30698,0.09271,0.14216,-0.67254,-0.36059,-0.032259,0.35853,0.229
0.59005,0.61007,0.74647,0.79383,0.6894,0.25949,-0.27202,-0.35555,-0.25338,-0.12391
0.054459,0.33056,0.49416,0.67628,1.0592,-0.45271,-0.36246,-0.27536,0.11428,0.30514
-0.094152,0.44911,0.56498,0.37961,0.55533,-0.52248,-0.55143,-0.2794,0.40317,-0.10737
0.13966,0.3013,0.49536,0.60062,0.63796,-0.42131,-0.50372,0.12066,0.038503,-0.10657
0.032734,-0.569,0.30609,0.22915,0.74399,-1.0605,-0.82499,-0.48663,-0.34166,-0.0032082
-0.078368,-0.49602,-0.2039,0.25197,0.38009,-0.60779,-0.45641,-0.3565,0.49985,-0.11824
0.44556,0.64394,0.19308,0.47105,0.15462,-0.31969,0.20554,-0.22006,-0.32837,-0.16917
0.202,-0.10613,0.62441,0.47133,0.11384,-0.040499,-0.26042,0.02507,-0.041316,-0.091984
-0.51843,-0.33651,0.0031822,0.6382,0.69635,-0.35729,0.15015,0.22662,0.63513,0.39184
-0.33662,-0.22233,-0.013292,0.80259,0.43219,-0.25494,-0.38017,0.38727,0.57376,0.40085
-0.45411,-0.20663,-0.1614,0.343,0.22867,-1.1267,-1.1046,-0.55004,-0.031415,0.20401
0.090908,0.40992,0.10962,0.36755,0.1598,0.40694,0.19967,-0.3163,0.047606,-0.081139
-0.15261,0.031286,0.86954,0.93524,1.0327,-0.30163,-0.4347,-0.33099,0.38211,0.41598
-0.11123,-0.28564,0.17518,0.39122,0.79511,-1.1509,-0.81669,-0.45805,0.041299,0.087988
0.80076,0.39659,0.24301,0.6157,0.04666,-0.23189,-0.098829,-0.27173,-0.084777,-0.39671
0.39965,0.10128,0.066874,0.47249,0.43569,0.057847,0.31959,0.37786,-0.23843,-0.11618
-0.48201,-0.8917,-0.16267,0.56444,0.19893,-0.46749,-0.2197,-0.4696,0.070915,0.31908
-0.11899,-0.034433,0.27617,0.30955,0.33962,-0.12236,-0.40434,0.20512,0.39793,0.32358
-0.20456,-0.15527,-0.41003,-0.43563,-0.10088,-0.39663,0.20265,-0.20782,0.10812,-0.075855
-0.73416,-0.45831,-0.11622,0.095643,0.28805,-0.54618,-0.6841,-0.69249,0.40067,0.15787
-0.13148,0.11537,1.0653,0.70228,0.7449,-0.63095,-0.61058,0.22631,0.12158,0.42369
-0.014699,-0.0075514,0.43053,0.67959,1.014,-0.32007,-0.48931,-0.3676,0.50196,0.41252
-0.11141,-0.13439,-0.15632,-0.3283,-0.14526,-0.21269,-0.45085,-0.093624,-0.11455,-0.13406
-0.50556,0.23233,-0.23472,-0.26655,0.058084,-0.21225,-0.33305,-0.0011066,-0.025744,0.098022
-0.23593,-0.070709,-0.36008,0.24469,0.058981,-0.56404,-0.35449,-0.26317,-0.59681,-0.28284
0.15948,0.11765,0.5926,0.90595,0.85223,-0.36029,-0.76362,0.054653,0.075917,0.39746
0.24011,0.45288,0.2541,-0.039632,0.50279,-0.47667,-0.66425,-0.3239,-0.61747,-0.82672
0.28096,0.31272,0.1124,0.37465,0.24868,-0.59201,-0.68069,-0.65996,-0.49484,-0.40177
0.27118,-0.20431,-0.081683,-0.0011694,-0.28745,-0.069288,-0.25842,0.00026332,-0.088295,-0.19294
-0.62835,-0.61834,-0.25674,0.30926,0.27965,-0.32425,-0.58534,-0.20686,0.21633,0.28307
-0.084291,-0.32648,0.051281,0.53144,0.41726,0.12717,-0.32917,-0.20876,0.31784,0.55097
-0.48041,-0.26984,-0.11073,-0.2467,-0.13312,0.053504,-0.53919,-0.038598,0.18759,-0.21838
-0.32396,-0.86366,-0.52708,0.09539,0.12895,-0.62343,-0.15376,0.21418,0.34036,-0.065439
-0.29814,-0.27993,0.45816,0.3262,0.54446,-0.6454,-1.1574,-0.37537,-0.019858,-0.23974
-0.35744,-0.69844,-0.019056,0.037207,0.47392,-0.54589,-0.27099,-0.2408,0.44858,0.062692
1.0247,1.244,0.40777,0.033206,0.76119,-0.50847,0.10399,-0.38566,-0.2089,-0.28055
0.3085,0.16697,0.31401,0.60439,0.66231,-0.25646,-0.25383,-0.14503,-0.16114,-0.20105
0.40666,0.43003,0.5396,0.3224,0.53788,-0.43204,-0.40059,-0.30375,0.14913,-0.20553
0.51052,0.017573,0.59522,0.18994,-0.015448,-0.06489,-0.19458,-0.66992,-0.20947,-0.6104
0.44367,0.12769,0.22457,0.019372,0.1323,0.70144,0.27199,0.037681,-0.14153,0.43254
0.24607,0.21621,-0.081846,0.17566,0.11346,-0.33944,-0.69062,-0.81291,-0.054085,-0.59037
-0.27905,0.059152,0.49617,0.66014,0.58447,-1.0978,-0.81081,-0.51326,-0.053013,-0.39435
-0.036607,0.41262,0.32146,0.89428,0.78334,-0.42473,-0.84343,-0.10618,0.097201,0.1561
-0.36152,-0.30765,-0.33363,-0.19502,-0.10319,-0.38466,0.21887,-0.12082,-0.205,0.21499
-0.006288,0.18526,0.10639,-0.20934,0.39291,-0.28639,-0.34158,-0.42206,-0.57415,-0.87108
-0.13934,-0.3061,0.087653,0.48394,0.86433,-0.70879,-1.1055,-0.67698,-0.23838,-0.2754
-0.13821,-0.35841,0.093735,0.55478,0.6186,-1.0185,-0.5048,-0.71429,0.088861,-0.27631
0.45372,0.37696,0.33884,0.66798,0.6086,-0.7388,-0.85898,-0.41206,0.56735,-0.19843
0.16784,0.43345,-0.11202,-0.093452,-0.061078,-0.62742,-0.70518,-0.53919,-0.22174,-0.59039
0.26418,0.12659,0.25177,0.18018,0.11259,-0.45278,-0.36141,-0.62113,-0.35475,-0.40865
-0.017696,0.12259,0.53722,1.2068,0.94415,-0.26089,-0.33731,-0.13208,0.36523,0.51891
-0.47933,-0.65756,-0.25287,0.09112,0.2998,-0.09189,-0.48194,0.32114,0.025619,0.12334
-0.090625,0.25645,0.33538,0.59173,0.23326,-0.54733,-0.05019,-0.66944,-0.15135,-0.51391
0.61855,0.27444,0.98777,0.55783,0.24184,-0.34564,-0.23414,-0.1031,0.17502,0.052055
-0.13686,-0.18314,0.13414,0.11215,-0.082802,0.041335,0.036289,-0.15012,-0.10806,0.19287
-0.17036,0.023177,-0.083667,0.45796,0.7501,-0.11846,-0.11466,0.065379,0.36579,0.5739
0.048247,-0.071803,-0.099936,-0.22967,-0.15475,-0.17606,-0.40685,-0.052213,0.15534,-0.23528
-0.079531,-0.14778,0.14278,-0.13791,-0.17767,-0.61855,-0.22177,-0.58018,-0.18033,0.24903
0.27659,0.33813,0.47646,-0.1173,-0.10456,0.1831,0.25027,0.36064,0.099113,0.5152
-0.29235,-0.22147,0.23451,0.34169,0.65052,-0.80135,-0.91364,-0.24253,-0.57207,-0.35773
-0.69664,-0.37228,-0.19318,-0.41462,-0.15118,0.10926,-0.15619,-0.063554,-0.15647,-0.20331
0.061705,0.41363,-0.24786,0.13117,0.12447,-0.48872,-0.61291,-0.6313,-0.57139,-0.52618
-0.43254,-0.95149,0.24324,0.1808,0.45753,0.0657,-0.25475,0.1072,0.093573,0.38819
-0.50312,-0.17001,0.18022,0.59842,0.39774,-0.7095,-0.84729,-0.44807,-0.42115,-0.22676
-0.0058135,0.6134,0.075712,0.10212,-0.078136,-0.45757,-0.1372,-0.59581,-0.36785,-0.34154
0.80439,0.19879,0.51151,0.40499,0.46321,-0.13995,-0.31329,-0.42347,0.41202,-0.41948
0.13618,0.15941,0.40482,-0.22983,0.76646,-0.40344,-0.58126,-0.5368,-0.58131,-0.4601
-0.18115,-0.32048,0.14417,0.78287,0.53065,-0.041079,-0.24082,0.20894,0.50102,0.5923
-0.14275,0.4931,0.2295,-0.25213,-0.016415,-0.6486,-0.35233,-0.27861,-0.39017,-0.73262
-0.16752,-0.16974,0.088839,0.27558,-0.3031,-0.18081,-0.23756,-0.28408,-0.29799,-0.24947
-0.32178,-0.41864,-0.3686,0.063597,0.24877,-0.49596,-0.70535,-0.073435,0.31142,0.38517
-0.54882,-0.27111,0.049838,0.28378,0.67753,-0.27852,-1.1015,-0.68578,-0.11219,0.30208
0.041537,0.077184,0.4663,0.9405,0.58535,-0.84466,-0.45067,-0.39499,0.082522,0.28117
-0.22089,0.25007,-0.0062077,0.10499,-0.041363,-0.12676,-0.40903,0.072733,-0.16624,-0.11999
-0.43506,-0.33854,-0.21608,0.39127,0.12667,-0.47379,-0.34148,-0.4477,0.33548,0.47633
0.39015,0.46725,0.21952,0.92093,0.98301,-0.80489,-0.32735,0.019937,0.012303,0.26327
0.46359,0.11093,0.71905,0.81828,0.87443,-0.50312,-0.34411,0.085818,0.22623,0.02779
0.26254,0.17775,0.014763,0.0072934,0.21646,-0.73862,-0.36722,-0.56734,-0.45668,-0.50494
0.15132,0.024263,-0.25428,-0.17653,0.13363,-0.25905,-0.22103,-0.27627,-0.31879,-0.38172
0.035216,0.26072,0.39889,0.15117,0.16963,0.34655,0.30028,-0.10643,0.41176,0.24801
0.4232,0.32976,0.66851,0.48638,0.17384,-0.26216,-0.20521,-0.28739,-0.40576,-0.039379
-0.73747,-0.6904,-0.11137,0.36641,0.54457,-0.48687,-0.42307,-0.0047507,0.34769,0.072741
0.25182,-0.21195,0.15533,0.39224,0.58461,0.073131,0.07613,0.32304,0.33554,0.36133
-0.25261,0.19555,0.12979,1.0482,0.91613,-0.52454,-0.37852,-0.18721,0.1568,0.41261
0.56752,0.5345,0.31828,0.50431,0.59199,-0.032741,0.18193,-0.44311,0.063294,-0.5965
-0.27192,-0.12717,0.13139,0.24089,0.52662,-0.10608,-0.33841,0.072859,0.57081,0.68949
-0.10555,0.16809,0.16314,0.63832,0.17021,-0.20885,-0.52524,0.061671,0.14386,0.36716
-0.51175,0.13378,0.21193,0.70065,0.55939,-0.086688,-0.2526,0.020675,0.35077,0.86893
-0.86883,-0.26013,-0.16912,-0.087064,0.014776,-0.42328,-0.28152,-0.26726,0.016499,0.32357
0.18147,0.10472,0.43675,0.794,1.052,-0.57905,-0.23849,0.20705,0.012518,-0.0088541
0.55235,0.32596,0.16145,0.33257,-0.022239,0.13511,0.337,0.19179,0.24442,-0.025237
-0.060973,-0.5287,-0.34862,-0.30197,0.12354,-0.43587,-0.42863,-0.25829,-0.117,0.0059581
-0.031374,-0.05763,-0.18761,-0.16143,-0.20996,-0.069933,-0.54538,0.24412,-0.42245,-0.41915
-0.34132,-0.40319,-0.037123,0.38325,0.15238,-0.69565,-0.15884,0.20222,1.1824,0.57117
0.22486,-0.09804,0.2458,-0.077787,0.16242,0.24065,0.33436,0.57795,0.18271,0.16163
-0.31939,-0.30869,0.19276,0.48418,0.79465,-0.35359,-0.31973,0.40288,0.13936,0.26447
0.33843,0.83476,0.21196,0.13453,0.59405,-0.15568,0.12554,-0.63697,-0.1943,-0.025255
-0.33919,0.1575,-0.26832,-0.24263,-0.32691,-0.17747,-0.19135,-0.50095,-0.27725,-0.19917
-0.26506,-0.10947,0.37527,0.50734,0.62863,0.026319,-0.44921,-0.20297,0.34964,0.50575
0.33036,0.55816,-0.036583,0.12922,-0.37515,-0.44103,-0.41824,-0.67961,-0.64586,-0.48415
0.28772,-0.026231,0.19182,-0.090814,0.32793,-0.064526,-0.36829,-0.12299,0.10042,-0.0090236
0.17574,-0.0088204,0.60231,0.67282,1.0382,-0.53456,-0.6096,-0.10272,0.26873,0.15184
0.44263,0.48727,0.21113,0.74227,0.90562,-0.2537,-0.31215,0.06188,-0.15927,0.024882
-0.12576,0.14426,0.48178,0.20066,-0.13376,0.19628,0.19319,0.014947,0.13496,-0.081282
0.0031959,-0.17912,-0.55583,0.16254,-0.053386,0.18976,0.027788,0.051227,-0.14777,-0.15892
0.59286,0.73991,0.65592,0.045933,0.6556,0.19054,-0.18942,-0.12712,-0.23967,-0.37462
0.29893,0.51217,0.5707,0.28467,0.30676,-0.12345,-0.095186,-0.17709,-0.36358,-0.44453
0.32809,-0.18064,0.24871,0.20144,0.051102,-0.46089,-0.68975,-0.42472,-0.84314,-0.3435
0.42394,0.53935,0.54508,-0.060998,-0.25916,-0.43415,-0.40506,-0.25396,-0.44308,-0.083749
-0.29421,-0.080899,-0.0065727,0.68078,0.66268,-0.55563,-0.073784,0.092422,0.42688,0.58464
0.11626,0.42793,0.55169,0.32818,0.54427,-0.76441,-0.35606,-0.31972,0.018293,0.095274
0.14099,-0.075657,-0.16764,-0.3265,0.11792,-0.11376,-0.10374,-0.23355,-0.21398,-0.11795
-0.24857,-0.14767,0.036596,0.72931,0.56749,-0.17364,-0.50164,0.44572,0.59769,0.48817
0.27171,0.50693,-0.1855,-0.074456,-0.040805,0.28578,0.42354,0.30081,0.15929,0.41652
0.040852,-0.2003,0.70133,0.89829,0.95165,-0.7726,-0.55094,-0.37257,0.33946,0.30292
-0.15853,-0.30421,-0.064281,0.04701,-0.17566,-0.51184,0.042981,-0.076929,-0.036979,-0.12183
0.068223,0.57131,0.58099,0.79732,0.55663,-0.055953,-0.07337,-0.34293,-0.0012943,0.066175
-0.71945,-0.83549,0.057542,0.1227,0.38461,-0.61935,-0.88769,0.15064,0.23406,0.53308
-0.2055,-0.12131,0.10839,0.96485,0.70911,-0.87083,-0.77976,-0.87335,-0.2725,-0.05997
-0.30514,-0.043432,-0.086688,-0.2538,-0.068347,-0.46211,0.17567,-0.48134,0.27228,-0.28948
-0.57452,-0.23643,0.30762,0.83313,0.55584,-0.88014,-1.0319,-0.31042,0.21854,0.1745
-0.036263,-0.22382,-0.11218,-0.50461,0.12551,-0.3391,-0.11644,-0.26521,-0.40099,-0.12302
-0.29134,-0.39926,0.44277,0.27043,0.90207,0.1983,-0.10949,0.23718,0.55053,0.65315
0.30834,0.052951,-0.097473,-0.15133,0.26278,0.2868,0.10066,0.050662,-0.2003,0.36265
-0.35418,-0.047343,-0.087036,-0.61669,0.30327,-0.17316,-0.38933,-0.1273,0.078007,-0.25985
-0.95914,-0.43543,-0.3623,0.30124,-0.049245,-0.80958,-0.54105,-0.57472,0.20811,-0.068024
0.10673,-0.40741,-0.09071,0.59857,0.23507,-0.041434,0.01435,0.0064842,0.31741,0.4595
0.39242,0.55695,0.3049,0.53462,0.77771,0.03596,-0.070571,-0.14381,-0.73785,0.16483
0.46196,0.38412,0.61543,0.51823,0.48374,0.23155,-0.22878,-0.45309,-0.60698,-0.22097
-0.64609,-0.7664,-0.40336,-0.19591,-0.037407,-0.19059,-0.34119,-0.20163,0.62031,0.15921
0.085131,-0.10339,0.38543,0.39904,0.12455,-0.17992,0.2531,0.10145,-0.20091,-0.022507
0.43277,-0.041296,0.20687,-0.021182,0.083829,-0.62908,-0.27565,-0.60017,-0.32301,-0.28594
0.023871,-0.093785,-0.0079671,0.59372,0.44278,0.02702,-0.053671,0.16717,0.369,0.47509
0.33118,0.17507,0.69519,0.58368,0.55846,-0.18699,-0.17466,-0.15764,-0.088439,-0.35112
0.25292,-0.046248,0.042972,0.1988,0.18837,0.46479,0.22008,-0.0034719,0.38032,0.13974
-0.27365,-0.22457,0.082,0.65728,0.30977,-0.35033,-0.04658,0.14774,0.63423,0.1358
-0.21348,-0.62021,-0.094407,-0.13291,-0.29775,-0.23835,-0.19784,0.047604,0.069534,-0.25778
-0.25519,-0.299,-0.17504,-0.061719,-0.042277,-0.079938,-0.3214,0.02436,-0.086536,-0.14276
0.37094,0.87742,0.80954,0.31393,0.86245,-0.10607,0.0079374,-0.39608,-0.24749,-0.16731
0.82295,0.51167,0.36532,0.23104,0.6921,-0.11365,-0.26472,0.1175,0.25418,0.03476
0.08901,0.22582,0.76316,0.73532,0.70648,-0.66369,-0.59854,-0.051963,0.42466,-0.054734
0.31179,0.44118,0.24753,-0.037567,0.15556,-0.79434,-0.3997,-0.12864,-0.72939,-0.4681
0.19933,-0.43247,0.26539,0.24556,0.25411,0.050205,-0.24307,0.10457,-0.071752,0.26346
-0.06785,-0.42381,0.088404,0.4434,0.29108,0.088935,0.039925,0.26942,0.66689,0.58084
0.14122,-0.28795,0.71116,0.86839,0.78159,-0.44148,-0.53837,0.28383,0.27044,0.28592
0.39547,0.8063,0.51551,0.56248,0.38885,-0.093063,-0.027746,-0.20131,-0.10567,-0.095559
-0.17879,-0.31415,-0.13163,-0.040255,-0.087411,-0.36902,-0.23434,-0.088069,-0.11164,-0.12693
0.89624,0.46349,0.36976,0.49767,0.53857,-0.15034,-0.3962,0.17572,-0.28353,-0.43979
0.15398,0.071248,0.66231,0.79322,0.97446,-0.66056,-0.46692,0.0063139,0.25849,0.16507
-0.0084801,0.0024928,0.20191,0.72224,0.70644,-0.77623,-0.64003,-0.12249,0.59847,0.19317
-0.57395,-0.52649,-0.31649,-0.13351,0.16633,-0.34738,-0.78172,0.24869,0.16153,0.39522
0.47528,0.30288,0.60694,0.81409,0.72425,-0.25108,-0.5639,-0.0089088,-0.051136,0.20511
-0.39737,-0.1997,-0.041018,-0.25561,-0.082061,-0.43017,0.18229,-0.58563,-0.63033,-0.28236
0.090345,0.083387,0.43094,0.9113,0.90759,-0.46048,-0.71258,-0.19052,0.34432,0.18175
-0.35236,-0.47047,0.018954,0.63536,0.44871,-0.56266,-0.35882,0.0071347,0.53141,0.36682
-0.16316,0.34165,-0.15093,0.053314,0.59547,0.30245,0.00055223,-0.050951,0.22147,0.194
-0.38073,0.02126,0.57059,-0.030802,-0.1242,-0.49861,-0.39485,-0.29186,0.20409,0.12326
0.28362,0.018338,0.0044229,0.25117,-0.14556,0.18405,0.32924,0.080374,-0.10909,0.17435
-0.35983,-0.38994,-0.20041,0.14908,-0.11391,-0.43745,-0.53648,0.08713,0.42754,0.31423
0.32451,0.59646,0.0080276,0.43201,0.18089,-0.38033,-0.70521,-0.78205,-0.061417,-0.74684
0.06064,0.44455,0.19769,0.34512,0.018746,0.33196,-0.1153,-0.028095,0.21666,0.11026
-0.089008,-0.060036,-0.18718,-0.17897,-0.39362,-0.082041,0.15315,-0.60145,-0.074973,-0.34985
-0.44758,0.14978,-0.50748,-0.49689,-0.09934,-0.60538,-0.44033,0.15561,-0.1327,-0.14172
-0.62822,-0.57263,-0.1539,0.56097,0.32034,-0.31721,-0.43949,-0.1778,0.62001,0.554
-0.19265,-0.14117,-0.27477,-0.29435,-0.31829,-0.30198,-0.32365,-0.31831,-0.22252,-0.21994
0.45694,0.50358,0.46402,0.070685,0.1585,0.17243,0.12106,0.52571,-0.045077,0.44617
0.18345,0.29371,0.38357,0.35996,0.49921,0.12103,-0.059481,-0.11689,-0.062476,-0.0046428
-0.25408,-0.39677,-0.04398,-0.34075,-0.30141,-0.12971,-0.27433,0.1898,-0.19139,0.097492
0.48701,-0.017787,0.29414,-0.10299,-0.12149,-0.36608,-0.35065,-0.47711,-0.45278,-0.27876
0.22979,-0.37341,0.39835,0.50597,0.24174,-1.1827,-0.77975,-0.54032,-0.38713,0.2486
0.11052,-0.14482,0.32333,0.46473,0.78314,-0.66424,-0.95362,-0.57475,0.053337,-0.0099656
-0.37632,-0.60396,-0.03405,0.50004,0.055942,-0.74074,-0.82347,-0.51271,0.23154,0.31976
-0.2441,-0.093703,-0.044815,-0.28114,-0.15511,-0.018706,-0.11934,-0.17701,-0.26834,-0.23104
0.24289,0.026982,0.51956,0.67236,0.67227,-0.31364,-0.50323,0.16123,-0.084373,-0.081887
0.35496,0.59784,0.94224,0.51118,0.63276,-0.17219,-0.055331,0.03667,-0.052267,-0.26792
0.34337,0.018487,0.59137,0.99875,0.86538,-0.083628,-0.67488,-0.015903,0.2152,0.27276
0.51533,0.54486,0.42453,0.73395,0.72387,-0.14391,-0.037464,-0.44024,-0.040766,0.01297
-0.34346,-0.062056,-0.22982,-0.2605,0.060434,-0.31338,0.10263,0.090425,-0.10745,-0.31348
-0.17326,-0.46314,0.42742,0.44845,0.71803,-0.3122,-0.15139,0.42472,0.82253,0.11305
-0.33306,-0.35853,0.0021593,0.25613,0.3601,-0.82509,-0.23388,0.08362,0.12955,0.29341
-0.19356,-0.45322,-0.26717,0.19071,-0.10792,-0.60183,-0.47676,-0.34758,0.12691,0.36218
-0.48019,0.04172,0.11811,0.3981,0.42824,-0.59856,-0.53259,-0.29845,-0.10252,-0.23247
-0.30817,0.053397,-0.34192,-0.02526,-0.25553,-0.37829,-0.45821,0.21098,0.14705,0.015625
0.54113,0.84476,0.39168,0.49893,0.65875,-0.055281,-0.10445,0.20693,-0.21778,-0.2053
0.28166,0.23934,0.50724,0.98973,0.79689,-0.81015,-0.58812,-0.099331,0.215,0.29122
0.52908,0.71366,0.3468,0.43262,0.30825,-0.24693,-0.073846,-0.20535,-0.10288,-0.11263
0.046214,0.0024173,0.35867,0.97782,0.98257,-0.61234,-0.76299,-0.40991,0.18302,0.095897
0.88937,0.42007,-0.053407,0.30233,-0.042513,-0.40599,-0.7296,-0.45022,-0.48923,-0.66013
-0.19061,0.4853,0.23267,0.10811,0.083163,0.18204,0.063767,0.1293,0.024976,0.023874
0.81942,0.35216,0.43405,0.21219,0.21913,-0.14942,-0.39831,-0.062948,-0.31678,0.13827
0.089246,0.056647,0.18327,0.91741,0.9792,-0.93292,-0.52459,-0.2303,0.11415,-0.064799
-0.088324,0.53272,0.25219,0.14406,0.088915,0.46494,0.046939,0.18882,0.15311,0.27181
0.077893,0.21565,0.32903,0.39611,0.031236,-0.12291,0.21088,0.33994,0.25163,0.089842
0.019884,-0.66282,-0.11574,0.46081,0.44752,-0.06781,-0.32781,0.31155,0.2403,0.5245
-0.018319,0.28716,-0.037146,0.58936,0.40117,0.17629,-0.37549,0.50346,0.83453,0.37243
0.085768,0.34958,0.3312,0.46191,0.44952,-0.34663,-0.22269,0.017261,-0.20293,0.027714
-0.34902,-0.13887,-0.74846,0.079445,0.16544,-0.37514,-0.46716,-0.014931,0.1637,0.13593
-0.10981,-0.25824,0.191,0.50682,0.89342,-0.64771,-0.60635,-0.45687,0.13166,-0.21816
0.68481,0.58722,0.61278,0.56625,0.72775,0.055983,-0.20224,-0.30674,-0.21941,-0.31402
0.14142,0.16069,0.41171,0.4577,0.48939,-0.70755,-0.91861,-0.42603,-0.0024655,-0.13741
-0.33031,0.14745,0.51847,0.053473,0.14325,-0.29845,-0.42256,-0.83488,-0.59505,-0.37204
0.37916,-0.3475,0.31304,0.95798,0.75202,-0.24108,-0.58252,-0.31623,-0.12024,0.18716
0.014275,0.15088,-0.11746,-0.022876,0.15549,0.10292,-0.12331,0.34877,0.19028,0.47926
-0.030113,0.14671,0.33887,0.552,1.0593,-0.8849,-0.64886,-0.27973,0.13161,0.1877
-0.68749,-0.46369,0.10082,0.21759,0.036708,-0.61204,-0.38919,0.020103,0.38603,0.01044
-0.15182,-0.14644,0.24227,0.27879,0.53015,-0.81204,-1.2683,-0.32767,-0.40777,-0.32496
-0.26576,-0.14452,0.026215,0.20619,0.43763,-0.54995,-0.80321,-0.39442,0.06782,-0.075715
0.2318,0.12696,-0.15482,0.17893,0.060286,-0.45315,-0.27909,-0.53814,-0.5723,-0.22258
-0.035064,-0.012707,0.64419,0.9389,1.0439,-0.13823,-0.36749,-0.012789,0.33254,0.26144
0.80945,0.16784,0.42215,0.3563,0.69647,-0.47319,-0.083123,-0.12975,-0.033013,-0.10687
-0.12374,0.12386,-0.38316,-0.071072,-0.015412,-0.041079,-0.02405,-0.20539,-0.1069,-0.11261
0.24942,0.3094,0.55013,0.20352,0.34511,0.080211,-0.27291,0.090051,-0.14772,-0.12037
0.19982,-0.10496,0.070749,0.1585,0.33337,-0.080873,-0.53495,-0.21131,-0.63266,-0.6421
-0.1813,0.0097539,-0.066618,-0.39009,-0.14105,-0.46057,-0.11208,0.3733,-0.013611,-0.25986
0.020112,-0.28971,-0.011957,0.3229,0.49954,-0.95463,-0.91965,-0.26753,-0.066698,-0.058101
-0.33202,0.031267,0.38115,0.32755,0.43266,-1.0394,-0.61537,-0.42203,0.16098,0.27082
0.65952,0.74491,0.31095,0.014665,0.1984,0.13594,-0.27455,-0.66471,-0.24105,0.036481
0.57469,0.067572,0.49751,0.61923,0.37106,-0.26942,-0.21585,-0.38543,0.048588,0.052278
-0.15458,-0.34977,-0.27103,-0.15328,0.093298,-0.2596,-0.33937,-0.3413,0.63742,0.34382
-0.17152,0.14857,0.0098987,-0.16412,0.14726,-0.39751,0.11651,-0.30364,-0.23656,-0.43992
0.11535,0.021643,-0.24561,-0.093059,-0.69173,-0.049605,-0.19143,-0.0058894,-0.24824,0.075034
-0.23822,-0.02735,0.42516,0.32815,0.25098,-1.0592,-0.59524,-0.41167,-0.13514,-0.66658
0.021408,-0.035647,-0.36804,-0.16533,-0.025746,-0.083852,-0.35616,-0.063751,-0.17547,-0.22762
-0.12873,0.21832,0.74544,1.2609,0.43806,-0.63429,-0.58656,-0.13109,0.062169,0.31576
-0.60427,-0.25042,-0.10494,0.39847,0.54225,-0.93982,-0.53227,-0.18464,0.30499,0.23381
-0.50333,-0.46932,-0.084514,0.10906,0.22361,-0.54872,-0.55909,-0.076524,0.17912,0.29345
0.24231,0.40459,0.26354,0.68332,1.0195,-0.64983,-0.68982,-0.21267,0.25619,-0.010312
-0.044964,-0.072152,0.5373,0.77214,0.83451,-0.47571,-0.79008,-0.56309,0.12535,-0.029742
0.38251,0.737,0.83127,0.28262,0.86098,-0.31012,-0.21468,-0.35116,0.37902,-0.15861
-0.077848,0.15118,0.34637,0.25973,0.072982,-0.38036,-0.17536,-0.22099,-0.31338,-0.5525
0.65903,0.44392,0.3952,0.75611,0.77413,-0.62102,-0.29884,-0.49202,0.32455,-0.037467
0.32157,0.23107,0.61801,-0.020605,0.52841,-0.43943,-0.1137,0.16949,-0.046047,-0.32322
0.11721,0.07363,0.028364,0.43067,0.3289,0.43121,0.34649,0.091943,0.026737,0.18831
-0.85879,-0.7117,-0.19369,0.23262,0.46792,-1.1054,-0.54472,-0.2866,0.30973,-0.21193
-0.72699,-0.49962,0.062568,0.36686,0.41076,-0.49319,-0.45952,-0.11289,-0.038235,-0.10963
-0.18617,-0.078019,0.16706,0.45883,0.31656,-0.56894,-0.2167,0.082542,0.90949,0.72108
-0.04557,-0.19652,0.64782,0.72254,0.93858,-0.68112,-0.46203,0.079969,0.36,0.20134
0.22241,-0.098096,0.078864,0.042143,0.14927,-0.36962,-0.63474,-0.71026,-0.89332,0.018534
0.33946,0.52558,0.36652,0.34819,0.79071,-0.42528,-0.38244,-0.57636,0.2785,0.28478
-0.23916,-0.016554,0.10553,-0.046324,0.034867,-0.076981,-0.48394,-0.0082314,-0.22026,-0.021964
0.033772,-0.11742,0.05429,0.99008,0.51471,-0.18067,-0.41335,-0.040214,0.6063,0.35751
0.70487,0.12807,0.4729,0.49341,0.5656,0.15346,-0.03665,0.12728,-0.14558,0.14758
0.82795,0.2483,0.56961,0.58912,0.64785,-0.097098,-0.16081,-0.083326,-0.016722,-0.18636
0.28032,0.2763,0.095276,0.39409,0.23227,0.16317,0.14721,0.10125,0.15967,-0.18219
0.48357,0.41673,0.29032,0.53569,0.19041,-0.20943,-0.4546,-0.062379,-0.32712,-0.48069
0.55639,0.37943,-0.023295,0.37171,0.32304,-0.44695,-0.64745,-0.46417,-0.47211,-0.58213
0.30174,0.52108,-0.14774,0.43003,0.054431,0.15111,0.38211,0.2405,0.36076,0.21531
0.45815,-0.032421,0.43769,0.25075,0.42532,-0.13124,-0.18314,-0.086949,-0.17653,-0.61542
0.072636,0.37378,0.063593,0.27211,0.26705,-0.19844,-0.93296,-0.42287,-0.57847,-0.62892
0.077225,0.057263,0.38583,1.0572,0.61001,-0.34489,-0.5236,-0.37077,0.24167,0.1116
0.10753,0.0020655,0.18445,0.16916,-0.032366,-0.55313,0.36179,0.26261,-0.018809,0.28466
0.31649,0.6944,0.5141,0.53946,0.5607,-0.083736,0.10467,-0.20148,-0.2416,-0.20547
0.11436,-0.12711,0.55648,1.0037,0.87998,-0.7642,-0.5063,-0.36932,0.10164,-0.10975
-0.39226,-0.51943,-0.64085,0.42442,-0.014133,-0.45301,-0.52505,0.074108,0.094232,0.21501
-0.53226,-0.35975,-0.33738,0.21909,0.41944,-0.42395,-0.65282,0.23895,0.70007,0.62888
-0.36489,0.16229,-0.1113,-0.042164,-0.091431,0.042,-0.017137,0.10339,0.27064,-0.2242
-0.0012944,0.26845,0.79648,0.49732,1.0008,-0.48,-0.73484,-0.063946,-0.017639,0.21062
-0.41056,-0.66668,0.053343,0.31525,0.2574,-0.7555,-0.78276,-0.22127,0.19825,0.37569
0.30971,0.53129,0.17529,-0.15491,0.24895,-0.3527,-0.57812,-0.42564,-0.61603,-0.69254
0.27264,0.20352,0.30231,0.88762,0.8414,-0.3002,-0.32563,-0.14329,0.59889,-0.29582
-0.35734,-0.12137,0.3602,0.52116,0.34606,-0.55956,-1.0038,-0.38737,0.29341,0.044641
-0.29441,-0.094319,0.20894,0.39658,0.67506,-0.86584,-0.7752,-0.5258,-0.09721,-0.23155
-0.09257,-0.10979,0.37662,0.22647,0.5547,0.16048,-0.0043836,-0.031284,-0.017296,0.53284
0.080376,0.25483,0.15259,0.34098,0.14458,-0.39002,-0.11944,-0.42006,-0.51754,-0.67426
0.26649,0.85899,0.39424,0.51527,0.63448,0.031,-0.057126,-0.32841,0.082555,-0.18462
-0.39195,0.067066,-0.10312,-0.27883,-0.3998,0.056664,-0.39915,-0.25212,-0.034705,-0.4644
-0.011203,-0.22475,-0.2156,-0.39279,-0.16349,0.086758,0.059249,0.053623,-0.42779,-0.28683
-0.27682,0.004099,0.90474,0.90502,0.96479,-0.75307,-0.77939,-0.267,0.24762,0.21692
-0.24952,-0.59481,0.1175,0.26915,0.50485,0.0099942,-0.51247,0.21914,0.62896,0.41625
-0.069064,-0.027723,0.05762,0.33081,0.50465,-0.75958,-0.70873,-0.52135,0.057233,0.12221
0.15653,0.037059,-0.081877,0.16484,-0.024065,-0.34685,-0.57807,-0.61096,-0.6666,-0.46392
0.51899,0.29329,0.49152,0.096842,0.1982,-0.65974,-0.36253,-0.15569,-0.29091,-0.28204
-0.12792,-0.054367,-0.18776,0.481,0.64995,-0.71509,-0.61039,-0.50392,-0.4346,0.08326
0.092088,-0.43833,0.13918,-0.18179,0.071946,-0.46172,-0.75903,-0.29972,0.26364,-0.20622
-0.63455,-0.50586,0.064879,0.55098,-0.18428,-0.55491,-0.016885,-0.27778,0.27126,0.20421
0.27674,0.32163,0.13458,0.19054,0.094365,0.055291,0.13455,0.44266,0.38597,0.26927
0.24004,0.61392,0.27577,0.5215,0.51373,-0.18955,-0.27139,-0.022618,-0.68841,-0.029598
0.31986,-0.069305,0.72989,0.84392,1.1665,-0.45043,-0.10029,-0.026073,0.13761,0.33516
-0.011322,-0.41827,-0.32236,0.12043,-0.09852,-0.33008,-0.0027365,-0.23458,0.18604,-0.18379
0.040956,-0.19549,-0.13591,-0.14942,-0.3741,-0.42544,-0.30008,-0.20988,-0.14883,0.031651
0.3942,0.7513,0.51505,0.7117,0.37744,0.11461,0.0374,-0.487,-0.19745,-0.16072
-0.24345,-0.085029,-0.27821,0.010046,-0.61292,-0.31131,-0.22979,-0.068575,-0.18578,-0.54923
0.29852,-0.069723,0.38189,0.41806,0.81413,-0.64497,-0.36975,-0.37862,0.15105,0.17317
-0.094353,-0.25558,0.32488,0.48321,0.71826,-0.43269,0.014583,0.3817,0.54494,0.35362
0.78565,0.0037696,0.5206,0.34565,0.72016,-0.15668,-0.16018,-0.12329,-0.13145,-0.34695
0.64184,0.38373,0.71227,0.81118,0.32211,-0.21273,-0.16315,-0.19626,-0.36348,-0.23324
0.6873,-0.14314,0.2206,-0.10082,0.06841,0.46932,0.30559,0.15479,0.28256,0.0031766
0.10186,-0.261,-0.20988,0.60586,0.73183,-0.27688,-0.22264,0.21077,0.56401,0.4715
-0.46432,-0.38781,-0.097004,0.42235,0.67719,-0.343,-0.0033708,-0.0050418,0.60032,0.7798
-0.49408,-0.24203,0.14321,0.32589,0.57812,-0.57364,-0.40464,0.066868,0.30039,0.75537
-0.29096,-0.48581,0.3995,0.54757,0.70996,-0.22412,-0.2377,0.35003,0.76218,0.82742
-0.45241,-0.24198,0.30611,0.22675,0.59669,-0.066181,-0.049465,-0.27811,0.42297,0.38343
0.064424,0.10321,0.2801,0.67677,0.88477,-0.38012,-0.35577,0.013493,0.26556,0.25076
0.35168,0.086362,0.46873,1.1491,1.113,-0.5272,-0.67888,0.052852,0.5006,0.58979
0.050232,-0.39398,-0.058028,0.40983,0.19764,-0.2807,-0.26232,0.2491,0.65943,0.62634
0.34245,0.34064,0.28311,0.38374,0.057508,-0.10379,-0.10361,-0.0098903,-0.51082,-0.36031
0.4253,0.31932,0.2364,0.04729,0.2921,-0.42403,-0.40719,-0.38417,-0.4702,-0.32404
-0.077436,-0.14069,0.06836,0.77812,0.5616,-0.38371,-0.013339,0.35934,0.56,0.70364
0.13055,-0.097852,0.002292,0.57112,0.10796,-0.59675,-0.31833,-0.47917,-0.47201,-0.54792
0.32055,0.059745,-0.10708,-0.061952,0.21325,0.22288,-0.1251,-0.051173,-0.047035,0.013906
0.43375,0.227,0.63518,0.049139,-0.14272,-0.60028,-0.57023,-0.54033,-0.37479,-0.40077
-0.25838,-0.17676,0.08583,0.97358,0.65097,-0.91312,-0.8347,-0.25693,-0.18024,0.029941
-0.2002,0.27599,0.30837,0.44459,0.44079,-0.89159,-0.92375,-0.36686,-0.15328,-0.028899
-0.16046,-0.45169,0.24192,0.14843,0.76037,-0.165,-0.39869,0.04013,0.70958,0.19395
0.40109,0.69915,0.78696,0.54621,0.5791,-0.0506,-0.26094,0.11756,-0.25309,-0.21321
-0.099433,-0.34919,0.35149,0.33095,0.59138,-0.79422,-1.0732,-0.45042,-0.22947,-0.40069
-0.058706,0.081467,-0.13879,-0.57856,-0.34004,0.12738,-0.44236,-0.45676,-0.30035,-0.4113
0.058966,0.088432,-0.033292,0.53777,0.41928,-0.60255,-0.96164,-0.38744,-0.070821,0.030559
-0.17773,-0.20391,0.45223,0.61741,0.18285,-0.537,-0.64176,-0.23703,-0.17328,-0.15304
-0.34818,-0.22637,0.31879,0.30608,0.28393,-0.3167,-0.26349,0.46462,0.083684,0.53307
0.10412,0.17791,0.16691,0.47683,0.9549,-0.19867,-0.24345,-0.18056,0.058205,0.073336
0.13787,0.52385,-0.096693,-0.26124,-0.068697,0.40873,0.18454,-6.4893e-05,0.24408,0.36806
-0.28381,-0.40992,0.27902,0.77564,0.67996,-0.39696,-0.13577,-0.11563,0.49141,0.33311
0.63898,0.27532,0.42362,0.95452,1.1025,-0.69795,-0.32966,-0.098962,0.18976,-0.17248
-0.26612,-0.32742,-0.1374,0.70652,0.69656,-0.20216,-0.41794,0.27231,0.97275,0.59293
0.48641,0.52936,0.56225,0.26086,0.18105,-0.41077,0.065613,-0.0019552,-0.44955,-0.062465
-0.64241,-0.62026,-0.32236,0.34364,0.52244,-0.3277,-0.51269,-0.23556,0.24514,0.18807
-0.19702,-0.34096,0.0038846,0.27933,0.37614,-0.33318,-0.28115,0.091116,0.24658,0.95996
-0.23205,-0.52717,-0.24563,-0.36682,-0.46597,-0.49894,-0.14997,-0.26759,-0.36228,-0.15363
0.17301,0.4471,-0.22474,0.095244,-0.0078863,0.097114,0.26085,0.18663,0.14754,0.074916
-0.14384,-0.41931,0.13642,0.49459,0.57109,-0.18326,-0.17851,0.066861,0.27564,0.53774
0.099288,0.33137,-0.057695,-0.053721,0.25865,-0.82666,-0.57108,-0.34018,-0.47776,-0.56464
0.17887,0.032704,0.57401,0.9176,0.96017,-0.48675,-0.27581,-0.17969,0.28464,0.42605
0.026539,-0.40669,-0.10869,0.2024,0.14819,-0.4312,-0.73021,-0.30379,0.3329,-0.10261
0.39931,0.24849,0.1868,0.1665,0.23164,-0.064499,0.17759,0.20965,0.48338,-0.064587
0.31561,-0.086596,0.19143,0.50851,0.11739,-0.4984,-0.75234,-0.33734,-0.56337,-0.4899
-0.028667,0.12989,0.13529,-0.14029,0.24272,-0.4751,-0.42812,-0.32994,-0.32379,-0.59749
-0.058322,-0.42895,0.12062,0.65025,0.48575,-0.13597,-0.17409,0.46112,0.27076,0.46879
0.030523,-0.34155,0.027804,0.54156,0.40744,0.13292,-0.22072,0.35582,0.67574,0.51008
0.020368,0.50959,0.80778,0.32679,0.45463,-0.021152,0.0026401,-0.21314,-0.1651,0.1115
0.21199,0.018663,0.41631,-0.026558,0.23585,-0.4863,-0.66911,-0.42039,-0.4935,-0.33045
1.0012,0.26326,0.74768,0.11014,0.82311,-0.37525,-0.48506,-0.042815,-0.20395,-0.40397
-0.036111,-0.23226,0.2453,-0.073561,0.22779,0.023056,0.42881,-0.079628,0.11077,-0.044457
-0.41479,-0.25895,-0.036551,0.098985,0.26899,-0.75069,-0.16856,-0.27615,0.04163,-0.19134
0.3901,0.40649,0.36285,0.76854,0.85457,-0.37244,-0.60841,-0.28267,0.042875,0.60933
-0.81914,-0.24354,-0.17715,0.25197,0.27189,-0.26423,-0.44605,0.16001,0.308,0.045693
0.02834,0.076335,0.50749,0.88818,0.96683,-0.58949,-0.40002,0.17512,0.28841,0.094236
0.54629,0.56484,0.54372,0.33537,0.33992,-0.12056,-0.0030696,-0.23033,-0.21807,-0.25559
0.089623,0.11518,-0.0020471,0.11713,-0.0050498,0.34842,0.0016605,-0.08844,-0.13707,0.11467
-0.21635,-0.32763,0.22002,0.43644,0.66682,-0.61672,-0.93027,-0.59593,-0.073302,-0.60162
-0.49196,-0.45769,-0.28424,0.3859,-0.02315,-0.35445,-0.45018,-0.23513,0.55429,0.3522
-0.29716,-0.24869,0.10629,0.47066,0.48097,-0.62495,-0.97623,-0.34024,-0.040078,-0.3363
-0.16146,-0.018573,0.054751,-0.19531,-0.1026,-0.21256,-0.0057623,-0.10891,-0.33208,0.054901
-0.063907,0.32814,0.25219,0.21019,0.34424,-0.33984,-0.23358,-0.35457,-0.67582,-0.24014
-0.60815,-0.24902,0.10747,0.5821,0.58452,-0.77813,-0.51908,-0.1688,-0.2132,-0.48941
0.021788,-0.32464,-0.21722,-0.17715,0.26112,-0.9874,-1.0467,-0.48618,0.019417,0.13298
-0.58639,-0.43076,0.06689,0.14411,0.27554,-0.25287,0.084744,0.13872,0.71611,0.28365
-0.30125,-0.10906,0.022848,0.51214,0.62521,-0.0035689,-0.33773,0.057235,0.47251,0.24604
0.48205,0.22121,0.067751,0.34886,0.033389,-0.78587,-0.66624,-0.59692,-0.29973,-0.55041
-0.61002,-0.060333,-0.059369,-0.30091,-0.083563,-0.2589,-0.053401,-0.079649,0.22939,-0.34932
0.50235,0.80118,0.64368,0.52288,0.63332,-0.12511,-0.23989,-0.032392,-0.13863,-0.51661
-0.31274,-0.31913,-0.62062,-0.10068,0.33283,-0.69488,-0.65921,-0.2311,0.29041,0.3126
0.16294,-0.31061,0.5064,0.061995,0.77803,-0.26941,-0.12345,0.12993,0.89937,0.65879
0.14276,0.26507,0.30245,0.17815,-0.098831,-0.47325,-0.62219,-0.54041,-0.85912,-0.3925
-0.2064,-0.031202,-0.49224,0.0023465,0.17436,-0.30794,-0.15676,-0.15793,-0.22357,-0.25178
-0.919,-0.34826,-0.06116,0.058917,0.0087514,-0.35042,-0.4839,-0.29216,0.51559,0.36127
0.21147,0.15618,0.35818,0.11597,0.1539,0.22713,0.1176,0.1019,0.20342,0.23376
-0.038409,0.29635,0.69915,0.73602,0.8612,-0.85277,-0.49856,0.058735,0.37834,0.050617
-0.3483,-0.16147,0.19517,0.58131,0.82665,-0.58668,-0.7816,-1.0205,-0.35543,0.0017299
-0.44671,-0.60495,-0.1168,0.26235,0.28742,-0.19622,-0.58276,-0.2405,0.51668,0.010611
-0.18992,0.061548,0.012533,-0.36197,-0.17432,0.04872,0.12266,-0.46548,0.056596,-0.42339
-0.63386,-0.75738,0.46054,0.76023,-0.12295,-0.44965,-0.63679,-0.051796,0.39435,0.20463
-0.7567,-0.77308,-0.21882,0.15846,0.098855,0.14712,-0.25794,0.055001,0.098327,0.25265
-0.17505,-0.11579,0.27483,0.41098,0.76494,-0.9285,-0.89208,-0.23671,-0.073072,-0.37789
-0.016892,0.10358,-0.2796,-0.029878,0.19908,0.28394,0.03991,0.23201,0.15091,0.49245
0.0014943,0.21498,0.34059,0.3162,-0.14838,0.25852,0.25866,0.33553,0.4419,0.083548
0.23554,0.18093,0.25337,0.14346,0.26411,-0.28106,-1.1101,-0.44692,-0.70191,-0.30725
0.41515,0.54849,0.10879,0.16438,0.2858,0.32141,-3.6224e-05,0.41473,0.14343,0.14007
0.08487,-0.1304,0.36672,0.49495,0.25771,-0.35936,-0.15778,-0.98585,-0.80756,-0.88357
0.1902,-0.086678,0.1289,0.090442,-0.27409,0.01303,0.23954,-0.20322,0.2158,-0.19375
0.062431,0.52809,0.59429,-0.031953,0.15506,-0.41439,-0.36086,-0.59072,-0.35685,-0.25071
0.16056,0.048534,0.14666,0.040993,0.23536,-0.59497,-0.70845,-0.38173,-0.58976,-0.67646
0.27551,0.37163,0.48486,0.2208,0.26447,0.034837,-0.2619,0.049255,-0.23382,0.31401
-0.37518,-0.17461,-0.11839,0.16842,0.36454,-1.0796,-0.92158,-0.20193,0.12958,-0.12123
-0.2734,-0.085275,0.057825,0.67279,0.34928,-0.28797,-0.3776,-0.20887,0.46895,0.70509
0.084503,-0.34383,0.28078,0.76421,0.12059,-0.9622,-0.83307,-0.22561,-0.34507,-0.19296
-0.3123,-0.1445,-0.43475,-0.088476,-0.1802,-0.2379,-0.22126,0.21305,-0.27207,-0.31041
-0.252,-0.48187,-0.22365,0.2138,0.091727,-0.20586,-0.41968,-0.14932,-0.28563,0.065103
0.12377,-0.097466,-0.012405,-0.47324,-0.24605,-0.18321,-0.48348,-0.43406,-0.054608,-0.32726
0.26899,0.36529,0.46344,0.20554,0.39655,-0.19342,-0.36755,0.44696,-0.19679,-0.53493
0.27558,0.15567,-0.15087,0.33753,0.30456,-0.17477,-0.73369,-0.64478,-0.27909,-0.79345
-0.35966,-0.22482,0.23516,0.9002,0.83927,-0.1221,-0.33757,0.27093,0.48041,0.69766
-0.17001,0.011935,-0.35783,-0.12865,0.081511,0.083358,-0.42808,-0.22962,-0.18537,-0.23275
0.20171,0.4743,0.0089862,0.19223,-0.12603,0.054628,0.117,0.1848,0.24072,0.25686
0.60432,0.75321,0.29918,0.70652,0.065912,-0.10516,-0.24247,0.21521,-0.1915,-0.064483
0.1218,0.025087,0.18105,0.25403,0.31281,0.12765,0.069439,0.013534,0.088364,-0.021616
-0.32899,-0.015018,0.21746,0.42339,0.52577,-0.013256,-0.10812,0.37797,0.47649,0.533
-0.55565,-0.61985,-0.50297,0.070996,-0.013226,-0.36379,-0.54469,0.17871,0.45699,0.34842
0.71011,0.49148,0.19019,0.55903,0.68711,-0.032674,-0.2115,-0.0054278,-0.15706,-0.18348
0.54076,-0.18086,0.090716,0.053835,0.24032,0.027775,-0.22922,0.30113,-0.25369,0.20152
0.53943,0.42659,0.19208,0.19108,0.19048,-0.50841,-0.16762,0.090746,-0.37949,-0.18087
0.028492,-0.2903,0.53953,0.54692,0.73591,-0.32888,0.24536,0.084332,0.52847,0.69469
-0.0078054,0.24023,0.35236,0.25869,0.33242,-0.27857,-0.3687,-0.52051,-0.18984,-0.68595
-0.1007,-0.227,-0.19151,-0.041149,-0.22281,0.24073,-0.017628,-0.25893,-0.60579,0.038179
0.034191,-0.10091,-0.03094,0.77354,0.89607,-1.0286,-1.0992,-0.26427,-0.31641,-0.32143
-0.17822,0.018583,0.16196,0.45634,0.2069,-0.69493,-0.76616,-0.30239,-0.48979,-0.26481
0.081374,0.34791,0.37376,0.2662,0.11856,-0.076938,-0.62189,-0.29987,-0.47953,-0.46243
-0.75662,-0.47175,-0.10808,-0.011533,0.21933,-0.96893,-0.41688,-0.46433,0.13582,0.032208
0.50779,0.25805,0.27534,0.69189,0.20674,0.23872,-0.13579,0.029453,0.33197,0.24751
0.20048,-0.00059854,0.14376,0.25463,-0.19851,0.18933,0.3995,0.004511,-0.21087,0.31873
0.63059,0.3177,0.56919,0.37807,0.067832,-0.4514,-0.40482,-0.47649,-0.07703,0.15528
0.13882,-0.4993,0.054815,0.40374,0.26777,-0.67131,-0.94265,-0.52446,-0.058492,0.089781
0.12539,0.22877,-0.36257,0.29598,0.18013,0.23022,0.4413,0.1021,0.45132,0.30893
-0.0055653,0.15229,0.15686,-0.023922,0.1786,0.12424,0.28068,0.30517,0.21069,0.27373
-0.17336,-0.24656,-0.49117,-0.19108,0.010198,-0.21404,-0.39088,0.029612,-0.10575,-0.081629
-0.52947,-0.18238,0.74214,0.38496,0.84177,-0.36505,0.12434,-0.030684,0.7101,0.54165
-0.38998,-0.34332,0.32472,0.487,0.26283,-0.93761,-1.0158,-0.42675,-0.11052,0.035342
-0.16459,-0.47717,0.23268,0.69255,0.50233,-0.01076,-0.081375,0.081861,0.33664,0.39941
-0.23127,-0.043155,0.079351,0.48592,0.74757,-0.20147,-0.084945,0.23326,0.49651,0.53487
0.49739,0.2045,0.42776,0.23868,0.097885,-0.53575,0.00051689,-0.1957,-0.50604,-0.068083
-0.04118,-0.25464,0.17859,0.27059,0.3524,-0.96773,-0.60599,-0.7274,-0.52099,0.013298
-0.12466,-0.017399,0.15617,0.10068,-0.33424,-0.10726,-0.16733,-0.15678,-0.41223,-0.089533
-0.42441,-0.91241,-0.20553,0.25976,0.32647,-0.20906,-0.57198,-0.055054,0.26009,0.23211
-0.44823,-0.44501,-0.23011,0.4424,0.43538,-0.61672,-1.0892,-0.49705,0.14842,0.55399
0.21035,0.15565,0.2892,0.076778,-0.17113,-0.055759,0.35726,0.37876,-0.092632,-0.32414
0.11336,0.087061,0.66667,1.0221,0.87142,-0.46358,-0.82409,-0.094477,0.25384,0.21944
-0.69141,-0.40036,-0.22437,0.20308,0.2691,-0.49512,-0.57517,0.3261,0.29145,0.097138
-0.35634,-0.17096,0.074469,0.44801,0.32379,-0.61637,-0.32562,0.010985,0.37963,0.0010217
0.16948,0.26723,0.47929,0.92234,0.6929,-0.84241,-0.43922,0.00036004,0.23227,-0.087209
-0.10477,0.35814,0.42767,0.95828,1.3464,-0.55386,-0.45778,0.15101,0.33652,0.15926
-0.33964,-0.4568,0.072687,0.79749,0.52849,-0.14828,-0.31148,0.096744,0.7528,0.47186
-0.25378,-0.11738,0.33298,0.47731,0.55368,-0.47281,-0.34436,0.39312,0.060009,0.42279
-0.37847,-0.18143,0.38957,0.60207,0.26842,-0.17964,-0.23783,0.12973,0.74415,0.58835
0.20018,0.12338,0.37485,0.03336,0.16136,-0.20878,-0.30384,-0.35675,-0.65223,-0.57833
-0.17762,-0.25451,0.15014,0.54791,0.73078,-0.73395,-0.96152,-0.44416,-0.078062,-0.13639
-0.4028,-0.094202,0.10767,-0.10841,0.57939,-0.6785,-0.79718,-0.53131,0.070492,0.069672
0.5268,0.29227,0.37784,-0.029591,-0.057111,-0.2762,-0.55667,-0.67354,-0.61752,-0.70427
-0.55849,-0.05644,-0.23255,-0.12889,-0.14914,0.021768,-0.32696,-0.15793,-0.072474,-0.077424
0.064887,0.28949,0.015642,-0.090183,0.4327,0.34232,-0.031118,0.18103,0.2551,0.068548
0.32497,0.21062,-0.040263,0.048385,-0.24887,-0.087221,0.16059,0.16743,0.09062,0.11295
0.13957,-0.2776,0.40021,0.29697,0.46535,-0.031955,-0.10526,0.16338,0.40489,0.60592
-0.051952,0.090093,0.40206,0.21724,0.19036,-0.06331,-0.7773,-0.51746,-0.71108,-0.4132
-0.31739,-0.20653,0.15622,0.54349,0.38685,0.0099648,-0.34422,0.27354,0.73277,0.57389
0.5156,-0.047346,0.099641,0.22014,0.33435,-0.58079,-0.34866,-0.32518,-0.46013,-0.36467
0.19071,0.068863,0.59424,0.81125,0.80483,-0.32585,-0.64955,0.01118,0.23934,0.30013
-0.06954,0.17098,0.35518,0.62541,1.1364,-0.70272,-0.41504,-0.16245,0.13188,0.38228
-0.13831,-0.17381,0.083956,0.49376,0.52056,-0.50846,-0.66249,-0.57645,0.19364,-0.18007
-0.47446,-0.22438,-0.18421,-0.49807,0.083166,-0.53391,-0.36544,0.16299,-0.46658,-0.029359
-0.15528,0.17137,0.068001,0.02106,-0.026556,0.22041,0.29038,0.12449,-0.11664,0.49476
0.27535,0.057171,0.017104,0.23449,0.1746,-0.65165,-0.49921,-0.55889,-0.23131,-0.623
-0.56283,-0.29391,0.43011,0.19449,0.59848,-0.72079,-0.75729,-0.62577,-0.40998,-0.09183
-0.58786,-0.52103,0.15593,0.16408,-0.044263,-0.54684,-0.72923,-0.18242,-0.14952,0.28324
0.081968,-0.13096,-0.58851,0.22093,-0.39617,-0.21704,-0.095664,-0.14631,0.0026542,0.21942
-0.69622,-0.56689,-0.078289,0.42281,-0.12105,-0.80125,-0.6147,-0.23641,0.31175,-0.053195
0.30453,-0.15661,-0.22877,-0.14028,0.64847,-0.20908,-0.10394,-0.17596,-0.17612,0.11393
0.036997,-0.24844,-0.17454,0.4725,0.50485,-0.57356,-0.98382,-0.72081,-0.2622,-0.081454
-0.16678,-0.1128,0.11355,-0.052469,0.070053,0.30875,-0.13442,0.026632,-0.029712,0.023432
0.038913,0.22549,-0.36488,-0.1682,-0.021308,-0.20963,-0.20957,-0.38397,-0.3034,-0.3115
-0.13787,0.087701,0.16992,0.18585,0.15172,0.11363,-0.00069537,0.16517,0.14787,0.037402
-0.10575,0.20233,0.50733,0.75513,0.87263,-0.38684,-0.44312,0.023575,0.30312,-0.040033
-0.12757,-0.45097,-0.059073,0.14369,-0.045378,-0.34655,-0.60524,-0.27179,0.082923,0.12924
0.32338,0.2332,0.84974,0.68618,0.78168,-0.32967,-0.33655,-0.33688,-0.12539,0.060856
0.24805,-0.11542,-0.40144,-0.038685,-0.34246,-0.22225,-0.11552,-0.36792,-0.15278,0.1614
0.72501,0.56579,0.53356,0.67785,0.50587,-0.51488,-0.24948,-0.048216,-0.30509,0.080388
0.5288,0.55085,0.914,0.099566,0.38694,0.10188,-0.12686,-0.11093,-0.095716,-0.15805
0.11247,-0.22125,0.53606,0.56551,0.36613,-0.20658,-0.1374,0.18637,0.071199,0.55276
-0.18215,-0.13086,0.1168,0.28634,0.074502,0.35513,0.30548,0.38284,-0.0050021,0.24906
-0.092094,-0.40701,-0.017837,0.2347,0.71057,-0.58701,-0.82545,-0.7755,-0.02289,0.091992
-0.28248,-0.2439,0.48701,0.51609,0.63492,-0.065193,-0.79981,0.43086,0.31836,0.6762
-0.49979,-0.19612,-0.16803,0.09496,0.096682,-0.64402,-0.35562,-0.47531,0.48132,-0.34075
0.065782,0.0095693,-0.21086,-0.1521,-0.073039,-0.29243,0.0011086,0.048962,-0.0090587,-0.4213
0.12525,-0.10513,0.10864,0.80875,0.43373,-0.69742,-0.77929,-0.42742,-0.28622,-0.22524
-0.25631,-0.13564,-0.29798,0.040788,-0.20383,-0.044537,-0.27757,-0.26384,-0.13579,0.019708
-0.031144,0.26139,0.16044,0.58556,0.043697,-0.051709,0.096594,0.29024,0.15106,0.36677
0.43165,0.51619,0.23298,0.66649,0.42503,-0.39095,-0.23736,0.02167,-0.42457,-0.30736
0.30396,0.29416,-0.059383,0.12093,-0.13725,-0.12311,0.24748,0.10879,0.19171,0.22439
0.12902,-0.24985,0.017486,0.56944,-0.0082025,-0.35553,0.095531,0.33358,0.24001,0.099259
0.13958,0.040288,0.31317,0.058313,-0.033164,0.019335,-0.014222,0.49423,0.40853,0.23049
0.30504,0.24035,0.073083,0.039645,-0.09082,-0.87238,-0.5125,-0.25496,-0.27822,-0.22893
-0.33208,-0.27985,0.15901,0.35985,0.67382,-0.056283,-0.34567,0.43787,0.169,0.42554
-0.014989,-0.1409,0.27202,0.90638,0.50986,-0.91099,-0.88122,-0.64878,-0.012237,0.28709
-0.020911,0.097342,-0.45006,-0.17546,-0.53985,-0.20419,-0.4644,-0.38247,0.070464,-0.2628
-0.24402,-0.35907,0.076217,0.42648,0.35112,-0.53512,-0.16527,-0.20283,0.41865,0.41714
0.83325,0.72417,0.58562,0.74091,0.3087,0.057856,-0.29997,0.035959,-0.31652,-0.0068323
-0.56247,-0.081392,0.28866,0.21463,0.7462,-0.5503,-0.45665,-0.63403,-0.040273,-0.22941
0.76672,0.42619,0.25988,0.60058,0.58057,0.12893,0.080262,-0.33433,-0.20849,-0.37657
-0.20113,-0.23723,0.15395,0.49767,0.7682,-1.0402,-0.71532,-0.70947,-0.20772,-0.22771
-0.095676,-0.2728,0.24538,0.013592,-0.053278,0.012535,-0.0048758,0.11359,0.091705,0.39304
0.21922,0.31857,0.50521,-0.016373,0.1352,-0.31326,-0.53743,-0.57747,-0.56433,-0.49587
-0.11531,0.41617,0.59127,0.84318,0.59786,-0.56205,-0.61618,-0.11376,-0.22537,0.1484
0.28405,-0.027427,0.29933,0.71193,0.73071,-0.036715,0.0070055,-0.051911,0.29502,0.63058
-0.070059,-0.41822,0.1997,0.43595,0.42853,-0.079372,0.092215,0.096374,0.59979,0.37743
-0.25902,0.021693,-0.054008,0.64954,0.96013,-0.72232,-0.37764,-0.12819,0.19941,0.49678
-0.66209,-0.70617,-0.31012,0.41322,0.33285,-0.31079,-0.33808,0.16481,0.3508,0.026507
-0.51341,-0.81179,0.32807,0.21445,0.10005,-0.48554,-0.15734,0.086327,-0.25102,0.46403
0.064442,0.022419,0.12841,0.46217,0.31263,-0.62334,-0.42434,-0.53891,-0.13289,-0.20015
0.22331,0.34428,0.78938,0.93362,0.80168,-0.37007,-0.71842,0.15321,-0.021096,-0.28284
-0.90077,-0.47237,0.20954,0.27954,0.15127,-0.72033,-0.58081,0.041853,0.29755,0.074796
-0.30714,-0.59584,-0.019864,0.20332,-0.041419,-0.48135,-0.47966,-0.32537,0.13298,0.21531
-0.51676,0.031347,0.32512,0.46528,0.1754,-0.34026,-0.57659,0.039648,0.4609,0.7995
-0.73177,-0.64577,0.30987,0.17003,0.37357,-0.34608,-0.54671,-0.21365,0.45888,0.2737
0.0065394,0.34625,0.25943,-0.18026,0.014375,-0.39643,-0.3579,-0.18817,-0.44371,-0.44664
0.66749,0.0080384,0.26483,0.063269,-0.37131,-0.092408,0.15547,0.10401,0.13137,-0.057646
-0.24539,-0.1124,-0.23493,-0.61141,-0.22951,-0.39606,-0.20514,0.099528,-0.61512,-0.10946
0.11095,-0.0086469,-0.24313,-0.052206,-0.29485,-0.0066902,-0.21846,-0.17786,-0.21172,-0.013476
-0.39794,-0.33567,-0.017611,0.43354,0.41582,0.34679,0.038584,0.57329,0.25537,0.86431
0.45395,0.69809,0.41858,-0.14681,0.40817,-0.11985,-0.053722,0.16937,-0.22463,-0.26647
0.47287,0.40825,0.49595,0.0044502,0.12252,-0.27285,-0.50977,-0.85233,-0.68349,-0.58783
0.36864,0.60643,0.34247,0.75566,0.094119,0.26623,-0.32401,0.017035,-0.083327,-0.029961
0.63191,0.37648,0.74335,0.89586,0.92139,-0.24789,0.36481,-0.25939,-0.20744,-0.29575
-0.34791,-0.4532,-0.32664,0.15641,-0.15385,-0.51193,-0.69515,-0.48176,-0.068266,0.31837
0.57431,0.75675,0.3143,0.66281,0.48924,-0.19757,-0.046457,-0.29668,-0.24684,-0.13552
0.28048,0.47105,0.46635,0.46491,0.49579,-0.015608,-0.1087,0.0835,-0.092041,-0.35427
-0.26025,-0.48396,0.43981,0.73287,0.17206,0.21327,-0.25207,0.061954,0.45124,0.48394
-0.39108,-0.53056,-0.38935,0.071814,-0.028118,-0.38893,-0.41294,0.11069,0.0019578,0.2748
0.083266,-0.036105,-0.33254,0.1744,0.088133,0.064532,-0.14902,0.22071,0.26467,0.0079505
0.076325,0.30509,0.062469,0.075,0.12556,0.10689,0.13362,0.26882,0.23729,0.14792
0.54787,0.16559,0.12043,0.31442,0.55805,0.31928,0.077786,-0.107,0.0020337,-0.16244
0.30255,-0.15092,-0.10158,0.18087,0.30425,-0.28874,-0.41128,-0.67601,-0.50776,-0.52601
0.2268,0.11487,0.055787,0.064238,0.54839,-0.54706,-0.24325,-0.52905,-0.57615,-0.74571
-0.38214,0.074178,0.015366,0.32016,0.22976,-0.92924,-0.62517,-0.52676,-0.30723,0.025709
0.58408,0.62683,0.63239,0.12247,0.43859,-0.27262,-0.28013,-0.19749,-0.32517,-0.19927
-0.17816,0.26877,0.20758,0.17144,-0.069311,-0.44097,-0.26385,-0.25156,-0.87856,-0.21688
0.62857,0.15615,0.70215,0.69439,0.45004,-0.059961,-0.44694,-0.30915,-0.080737,-0.33394
0.28816,0.035356,-0.018312,0.60816,0.0088836,-0.14596,-0.55462,-0.34588,0.098408,-0.1374
-0.11963,0.054768,-0.14835,-0.056422,-0.19063,-0.18863,-0.095936,-0.38027,-0.095316,-0.22901
0.43309,0.2246,0.20356,0.66873,0.74045,-0.54818,-0.8397,-0.37748,0.33842,0.046027
0.31574,0.4487,0.41518,0.47927,0.50088,0.20719,-0.55105,-0.11552,0.13211,-0.30788
0.52154,0.27665,0.14045,0.26258,0.2685,-0.72278,-0.85155,-0.085234,-0.70843,-0.61511
-0.20051,-0.11602,0.04345,0.29769,0.71176,-0.84958,-1.1051,-0.29591,-0.24225,-0.1489
-0.26058,-0.37053,-0.00021161,-0.12782,-0.22823,-0.44349,-0.25491,-0.57793,-0.5507,-0.18263
0.44828,0.035425,0.63309,0.7136,1.0534,-0.63397,-0.16837,-0.2924,0.3466,-0.2535
-0.57066,-0.62678,0.23757,0.43974,0.2938,-1.0967,-0.79828,-0.63132,-0.241,-0.21616
-0.74385,-0.19637,-0.00072433,0.21214,0.13128,-0.35357,-0.67453,-0.40736,0.18438,0.12254
-0.17208,-0.41027,-0.064942,-0.20505,-0.072424,-0.45732,-0.037269,0.10269,-0.59284,0.18946
0.73795,0.33846,0.49244,0.31123,0.76238,-0.23124,-0.098637,-0.15399,0.13116,-0.010233
0.58252,0.56661,0.60068,0.23935,0.36475,-0.34717,0.071394,-0.46928,-0.0018792,-0.3269
0.56779,0.31456,0.52437,0.34906,0.30973,-0.38043,-0.32288,-0.096171,-0.25547,-0.29148
-0.2441,-0.1478,0.09889,-0.33688,0.061985,0.20528,-0.37564,-0.21646,0.41548,0.32665
-0.82925,-0.34224,0.38157,0.63859,0.6329,-0.43886,-0.0442,-0.045027,0.23797,0.69585
-0.48133,-0.1309,-0.27537,-0.2376,-0.089035,-0.21052,-0.69041,-0.063007,-0.42053,0.035895
-0.18062,-0.20835,0.0026312,0.65205,0.65775,-0.29746,-0.1675,-0.023496,0.66338,0.67024
-0.19512,0.047942,0.10859,0.64821,0.82628,-0.72749,-1.1084,-0.47954,0.057919,-0.33971
0.38575,-0.01861,0.065929,0.091153,0.10426,-0.70191,-0.79055,-0.62098,-0.58456,-0.62904
-0.089822,0.038302,-0.073363,0.10267,0.49125,-0.88426,-0.58923,-0.82362,-0.18663,-0.11665
0.63727,0.43502,0.26579,0.63371,0.37018,0.14782,0.03183,-0.27387,-0.24672,0.019608
-0.43047,-0.27166,0.23015,0.236,0.19367,-0.65987,-0.7187,-0.19804,0.079338,0.085948
0.087246,0.09879,0.42495,0.19653,0.025796,-0.27648,-0.78408,-0.39092,-0.54467,-0.49082
0.56675,0.80741,0.57906,0.88109,0.31976,-0.22192,-0.47807,-0.029377,-0.20303,-0.069413
-0.031605,-0.16941,-0.3689,-0.41925,-0.28765,-0.091728,-0.048531,-0.25827,-0.018112,0.12081
-0.59286,-0.48634,-0.097539,0.52656,0.026648,-0.42437,-0.88156,-0.11751,0.38513,0.45127
0.17829,-0.17295,0.27857,0.62173,1.1909,-0.91061,-0.79559,-0.23787,0.24388,0.090073
-0.33365,-0.48113,-0.17303,-0.065812,0.32766,-0.47686,-0.44284,-0.13501,0.2155,0.15922
-0.25652,-0.37644,0.41282,0.28139,0.42592,-0.23105,-0.2179,-0.11932,0.37244,0.37434
-0.36015,-0.059222,-0.041363,0.6496,0.33244,-1.097,-0.69367,-0.36276,-0.40253,-0.23771
0.86888,0.48865,0.55735,0.29875,0.42647,-0.092178,-0.3125,-0.18128,-0.19413,-0.2158
-0.03948,0.01472,0.60014,0.97739,1.0379,-0.29956,-0.48617,-0.19144,0.011966,0.088999
1.0708,0.79138,0.52108,0.49508,0.24237,-0.36297,-0.17711,-0.010552,-0.4434,-0.35657
0.14904,0.06673,0.2507,0.66714,0.69687,-0.30349,-0.16359,-0.3886,0.45246,0.15188
-0.042013,-0.036564,0.52516,0.9754,1.0597,-0.65425,-0.60072,-0.0024584,0.27818,-0.064815
-0.31896,-0.2203,0.2787,0.71096,0.61266,-0.4476,-0.36688,-0.054758,0.87998,0.69121
-0.015754,0.20009,0.31797,0.4323,-0.20823,-0.3277,-0.44327,-0.41294,-0.23739,-0.4993
0.54217,0.32457,0.32383,0.11259,0.20286,-0.044596,-0.17266,-0.20346,-0.30975,-0.25393
0.41179,0.26019,0.35274,0.31628,0.4213,0.049141,-0.40176,-0.25086,-0.42747,0.19994
-0.59255,-0.79588,-0.23134,0.21429,0.082628,-0.54078,-0.55004,-0.027517,-0.034112,0.12336
-0.22538,-0.21911,0.44436,0.26848,0.23862,-0.26762,-0.19444,0.35991,0.36004,0.68485
0.6226,0.304,0.42784,0.72663,0.47205,0.050284,0.11606,-0.052889,-0.47188,-0.24118
0.34391,0.090859,0.55744,0.14129,0.15278,-0.072838,-0.094993,0.19831,0.17013,0.050922
0.005169,0.21536,0.34604,0.05981,0.20186,-0.023702,-0.089478,0.13026,-0.063767,-0.052108
0.16234,0.68702,0.37165,0.49673,0.63396,-0.18941,-0.56587,-0.5288,-0.43181,0.10405
-0.74758,-0.2717,-0.27277,0.064816,-0.02638,-0.58589,-0.32673,-0.39876,0.25727,0.17503
-0.35793,-0.17078,-0.021414,-0.017167,-0.3489,-0.17152,-0.026844,0.05543,-0.072383,-0.57392
0.33764,0.60213,0.78052,0.33683,0.6689,-0.38834,-0.44612,-0.18067,-0.1292,0.013754
-0.45092,-0.56048,-0.14385,0.45191,0.51757,-0.19892,-0.39397,0.11956,0.70757,0.43867
-0.0094448,0.21838,0.6451,0.93902,0.68913,-0.27175,-0.62966,-0.15797,0.26705,0.5474
-0.46496,-0.45898,-0.41239,0.083333,-0.022323,-0.69331,-0.64908,-0.12203,0.23328,0.43983
0.24484,0.049528,0.48872,0.63749,0.95545,-0.82286,-0.42235,-0.1889,-0.036009,-0.18343
0.16818,0.31895,0.31274,0.085246,0.11149,0.02628,0.17994,0.30687,-0.095472,0.31981
0.59803,0.28462,0.29968,0.37527,0.4897,-0.14589,-0.1411,-0.23601,-0.24554,0.11416
-0.018107,0.25993,-0.30537,0.10538,-0.022755,-0.45601,-0.27787,-0.72139,-0.36136,-0.72851
-0.31689,-0.27379,0.32655,0.55994,0.85039,-0.63113,-1.064,-0.35309,-0.09507,0.15628
0.39806,0.10905,0.066765,0.32406,0.67771,-0.091347,-0.054441,0.15595,-0.070669,-0.19449
-0.040753,0.2635,0.63298,0.97454,0.85359,-0.42583,-0.13201,-0.26056,0.19317,0.47121
0.4027,0.4927,0.33508,0.61459,0.54063,0.03668,-0.072826,0.028833,0.079073,-0.13565
-0.18988,-0.40912,-0.18896,-0.23266,-0.022818,-0.16674,0.025125,-0.1932,-0.43915,-0.39328
-0.069102,0.11737,-0.011857,0.2242,0.39689,-0.65183,-0.2603,-0.47316,0.13528,-0.35763
0.52434,0.15559,0.37219,0.12299,-0.13787,-0.62255,-0.19742,-0.39375,-0.45644,-0.41537
0.74173,0.44495,0.18173,0.58146,0.17227,-0.13841,-0.38947,-0.26142,-0.33818,-0.25586
0.078249,-0.028477,0.14029,0.43916,0.38179,-0.77908,-0.85792,-0.35958,-0.22762,-0.17792
0.022126,-0.26054,0.39149,-0.081161,-0.14252,-0.051573,-0.32447,-0.26905,-0.75085,-0.38654
0.31276,0.70575,0.37863,0.52001,0.49867,-0.28915,-0.28221,-0.22602,0.023068,-0.044118
0.23984,0.34359,0.07759,0.2571,-0.0047559,-0.63657,-0.83459,-0.42514,-0.38297,-0.15624
0.49807,0.29975,0.78458,0.33603,0.17569,-0.27102,-0.059114,0.20374,-0.091915,-0.33812
-0.09576,-0.18739,0.49382,0.21444,0.66059,-0.76264,-0.79577,-0.46507,0.25251,0.0021347
-0.18975,-0.51772,-0.4032,0.22777,0.11792,-0.46868,0.12755,-0.34471,0.34941,0.18094
0.040542,-0.0020321,0.17648,0.20696,0.16907,-0.30563,-0.3526,-0.22792,-0.088232,-0.6164
0.019387,-0.21487,0.26488,0.17898,0.58522,-0.9548,-0.82753,-0.49683,-0.017599,-0.055113
0.27142,0.11659,0.083833,0.31347,0.44012,-0.75557,-0.92268,-0.31518,-0.28053,-0.6756
